#@string,ra,dec,float,float,float,float,float,float,string,string,float,float,float,string
Name,RA,DEC,K,TYPE,S,err_S,Dist,M(K),P1/4,Spectrum,M_BH,SoI_pc,SoI_arcsec,Done
1,01:32:31.97,30:37:37.5,6.8,-5,1.2,100,29,-25.53,1.30E+23,x,7.20E+08,44,0.31,FALSE
2,01:32:33.36,30:26:20.9,8.48,-4.5,1,0.5,20,-23.05,4.90E+19,x,8.70E+07,13,0.13,FALSE
3,01:32:34.40,30:37:42.6,8.92,-4,0.5,0.5,48,-24.49,<3.9e20,n,3.00E+08,26,0.11,FALSE
4,01:32:35.60,30:41:28.0,8.7,-3,4.1,0.5,33,-23.92,5.50E+20,x,1.80E+08,20,0.12,FALSE
5,01:32:38.87,30:47:07.1,8.92,-3,-0.3,0.5,42,-24.18,<1.3e20,x,2.30E+08,22,0.11,FALSE
6,01:32:38.97,30:39:17.9,8.51,-4,0.5,0.5,41,-24.55,<2.8e20,x,3.10E+08,27,0.14,FALSE
7,01:32:39.13,30:40:42.0,7.82,-5,10,1,27,-24.32,8.80E+20,x,2.60E+08,24,0.18,FALSE
8,01:32:41.27,30:27:51.9,8.2,-3,2.7,0.5,56,-25.52,1.00E+21,n,7.10E+08,44,0.16,FALSE
9,01:32:42.93,30:35:38.6,8.81,-3.7,0.5,0.5,63,-25.19,<6.7e20,x,5.40E+08,37,0.12,FALSE
10,01:32:44.30,30:40:12.4,7.48,-5,1.8,1000,52,-26.09,5.60E+24,x,1.20E+09,58,0.23,FALSE
11,01:32:45.31,30:30:24.3,8.84,-2,0.4,0.5,34,-23.81,<1.8e20,x,1.70E+08,19,0.11,FALSE
12,01:32:46.80,30:33:35.3,8.03,-3,1.7,0.5,62,-25.94,7.90E+20,x,1.00E+09,54,0.18,FALSE
13,01:32:51.77,30:33:05.3,8.97,-4.3,0.2,0.5,58,-24.84,<4.4e20,x,4.00E+08,31,0.11,FALSE
14,01:32:51.78,30:29:47.8,8.78,-2,1.2,0.5,49,-24.66,3.40E+20,x,3.40E+08,28,0.12,FALSE
15,01:32:51.82,30:29:36.4,8.64,-3.7,22,2,82,-25.94,1.70E+22,x,1.00E+09,54,0.14,FALSE
16,01:32:52.65,30:14:30.9,8.59,-2,0.9,0.5,32,-23.9,<2.1e20,x,1.80E+08,19,0.13,FALSE
17,01:32:52.70,30:32:00.4,8.63,-2,67,2,30,-23.73,7.00E+21,e,1.50E+08,18,0.12,FALSE
18,01:32:52.87,30:34:10.2,8.65,-2.7,0.3,0.5,60,-25.24,<5.2e20,x,5.60E+08,38,0.13,FALSE
19,01:32:53.80,30:37:52.9,8.56,-4.5,7.2,0.5,90,-26.21,7.00E+21,n,1.30E+09,62,0.14,FALSE
20,01:32:54.31,30:55:29.5,6.22,-3,-0.1,0.5,10,-23.82,<9.9e18,a,1.70E+08,19,0.39,FALSE
21,01:32:54.63,30:23:20.6,8.85,-3,0.7,0.5,65,-25.2,<8.0e20,n,5.40E+08,37,0.12,FALSE
22,01:32:54.95,30:46:25.4,7.44,-5,1.1,100,19,-24,5.10E+22,x,,20,0.22,TRUE
23,01:32:55.47,30:29:22.2,8.11,-3,9.2,0.5,71,-26.16,5.60E+21,n,1.20E+09,60,0.18,FALSE
24,01:32:56.09,30:38:25.7,8.79,-5,0.1,0.5,60,-25.11,<4.3e20,n,5.00E+08,36,0.12,FALSE
25,01:32:56.18,30:25:45.8,8.34,-2,0.8,0.5,47,-25.05,<4.6e20,n,4.80E+08,35,0.15,FALSE
26,01:32:56.32,30:14:58.9,8.92,-5,6.7,600,93,-25.92,6.90E+24,n,,54,0.12,TRUE
27,01:32:56.36,30:44:51.2,8.99,-5,0.7,0.5,41,-24.09,<3.3e20,n,2.10E+08,21,0.11,FALSE
28,01:32:57.60,30:55:42.7,8.57,-3,1.7,100,67,-25.57,9.40E+23,e,,45,0.14,TRUE
29,01:32:58.63,30:47:57.3,8.54,-5,0,0.5,33,-24.06,<1.2e20,n,2.10E+08,21,0.13,FALSE
30,01:32:59.28,30:23:04.4,8.56,-3,1.2,0.5,55,-25.16,4.40E+20,n,5.20E+08,37,0.14,FALSE
31,01:33:00.37,30:26:47.7,7.67,-2,-0.3,0.5,20,-23.86,<2.9e19,x,1.70E+08,19,0.2,FALSE
32,01:33:00.54,30:45:17.6,8.31,-5,13,1,36,-24.46,1.90E+21,n,2.90E+08,26,0.15,FALSE
33,01:33:00.89,30:25:32.7,8.51,-2,1.5,0.5,58,-25.3,6.00E+20,n,,39,0.14,TRUE
34,01:33:01.10,30:35:45.1,8.92,-2.3,-0.3,0.5,29,-23.36,<5.9e19,n,1.10E+08,15,0.11,FALSE
35,01:33:02.40,30:34:44.5,5.58,-2,1.5,10000,21,-26.03,7.60E+24,x,1.10E+09,57,0.56,FALSE
36,01:33:04.91,30:25:27.0,7.45,-1,32,1,17,-23.75,1.20E+21,x,1.60E+08,18,0.22,FALSE
37,01:33:05.56,30:36:40.4,7.04,-3,4.6,0.5,23,-24.76,2.90E+20,x,3.70E+08,30,0.27,FALSE
38,01:33:06.40,30:37:35.8,8.69,-4.4,0,0.5,20,-22.78,<4.2e19,x,6.90E+07,11,0.11,FALSE
39,01:33:07.37,30:23:14.3,7.39,-5,0.3,0.5,21,-24.21,<6.3e19,x,2.30E+08,23,0.22,FALSE
40,01:33:08.11,30:28:00.2,8.78,-3,1.1,0.5,19,-22.64,4.90E+19,x,6.10E+07,10,0.11,FALSE
41,01:33:09.82,30:12:50.7,8.16,-4.5,-0.4,0.5,20,-23.3,<2.3e19,x,1.10E+08,14,0.15,FALSE
42,01:33:10.11,30:29:56.9,8.23,-5,-0.6,0.5,20,-23.28,<1.4e19,x,1.10E+08,14,0.15,FALSE
43,01:33:11.61,30:13:14.1,6.86,-2,1.6,0.5,21,-24.77,8.60E+19,x,3.80E+08,30,0.3,FALSE
44,01:33:13.80,30:29:03.6,8.42,-1.6,1.5,0.5,22,-23.29,8.70E+19,x,1.10E+08,14,0.13,FALSE
45,01:33:13.87,30:29:05.1,7.42,-3,4,0.5,19,-24.01,1.80E+20,x,2.00E+08,21,0.22,FALSE
46,01:33:13.88,30:28:24.4,8.63,-3.3,0.1,0.5,21,-23,<5.4e19,x,8.30E+07,12,0.12,FALSE
47,01:33:13.90,30:29:44.7,6.89,-5,1.1,0.5,20,-24.64,5.40E+19,x,3.40E+08,28,0.29,FALSE
48,01:33:14.29,30:27:11.1,6.3,-5,2.2,100,21,-25.3,1.20E+23,x,5.90E+08,39,0.39,FALSE
49,01:33:14.30,30:28:22.8,7.79,-3,2.5,0.5,26,-24.32,2.10E+20,n,2.60E+08,24,0.19,FALSE
50,01:33:14.61,30:51:37.8,6.82,-5,3.9,0.6,20,-24.71,1.90E+20,x,3.60E+08,29,0.3,FALSE
51,01:33:15.09,30:54:12.7,6.68,-5,88,4,29,-25.62,8.70E+21,n,7.80E+08,46,0.33,FALSE
52,01:33:15.17,30:32:53.0,8.67,-5,0.3,0.5,24,-23.24,<8.3e19,x,1.00E+08,14,0.12,FALSE
53,01:33:16.10,30:20:56.7,8.13,-4.1,-0.2,0.5,20,-23.33,<3.2e19,x,1.10E+08,15,0.15,FALSE
54,01:33:16.63,30:34:35.7,8.56,-5,0.1,0.5,27,-23.57,<8.5e19,x,1.40E+08,16,0.13,FALSE
55,01:33:18.20,30:43:48.1,8.17,-1.9,-0.6,0.5,22,-23.53,<1.7e19,n,1.30E+08,16,0.15,FALSE
56,01:33:18.87,30:26:45.0,8.08,-5,28,1,54,-25.57,9.50E+21,x,,45,0.17,TRUE
57,01:33:19.21,30:23:22.5,8.32,-2,-0.3,0.5,20,-23.18,<2.9e19,n,9.70E+07,14,0.14,FALSE
58,01:33:19.41,30:48:48.7,8.66,-5,4.2,0.5,67,-25.48,2.30E+21,x,6.90E+08,43,0.13,FALSE
59,01:33:20.40,30:40:23.3,8.42,-3.2,17,3,16,-22.61,5.10E+20,x,6.00E+07,10,0.13,FALSE
60,01:33:20.48,30:26:15.2,7.72,-2.5,0,0.5,23,-24.11,<5.8e19,x,2.10E+08,22,0.19,FALSE
61,01:33:21.18,30:37:55.5,8.72,-3.2,17,2,52,-24.85,5.30E+21,n,,31,0.12,TRUE
62,01:33:21.57,30:31:51.4,8.51,-5,23,2,57,-25.28,8.90E+21,n,5.80E+08,39,0.14,FALSE
63,01:33:21.66,30:37:48.4,8.49,-5,1.31,5,51,-25.04,4.00E+22,n,,34,0.14,TRUE
64,01:33:21.90,31:01:11.2,8.76,-3,-1,0.5,42,-24.34,null,x,,24,0.12,TRUE
65,01:33:22.10,30:45:34.3,8.02,-5,62,3,65,-26.02,3.10E+22,n,1.10E+09,56,0.18,FALSE
66,01:33:22.11,30:40:28.4,8.96,-4,12,1,60,-24.91,5.30E+21,x,,32,0.11,TRUE
67,01:33:22.16,30:40:26.0,8.67,-4,1.03,4,60,-25.23,4.50E+22,x,,38,0.13,TRUE
68,01:33:22.32,30:40:59.4,8.07,-5,0.5,0.5,44,-25.16,<3.3e20,n,5.20E+08,37,0.17,FALSE
69,01:33:22.38,30:30:14.3,8.58,-2,1.1,0.5,55,-25.11,3.90E+20,n,5.00E+08,36,0.13,FALSE
70,01:33:23.10,30:33:00.5,8.99,-3,-0.5,0.5,23,-22.84,<2.6e19,x,7.30E+07,11,0.1,FALSE
71,01:33:23.11,30:32:22.9,5.56,-5,0.1,0.5,0.8,-18.84,<6.9e16,a,2400000,1.5,0.4,FALSE
72,01:33:23.30,30:46:09.0,8.79,-3,54,2,41,-24.27,1.10E+22,n,2.50E+08,23,0.12,FALSE
73,01:33:23.44,30:22:31.0,8.01,-3,3,10,33,-24.58,3.90E+22,x,,27,0.17,TRUE
74,01:33:23.90,30:40:26.0,8.78,-3,26,1,43,-24.39,5.70E+21,n,,25,0.12,TRUE
75,01:33:24.61,30:32:56.1,8.99,-2,1,0.5,77,-25.45,7.10E+20,n,6.70E+08,42,0.11,FALSE
76,01:33:24.85,30:33:55.0,5.05,-6,0.7,0.5,0.8,-19.5,<1.3e17,a,4200000,2.1,0.55,FALSE
77,01:33:25.60,30:29:56.8,7.08,-1,22,1,21,-24.51,1.10E+21,x,3.00E+08,26,0.26,FALSE
78,01:33:25.60,30:45:30.5,8.62,-3.4,1.3,0.5,72,-25.66,8.10E+20,n,8.00E+08,47,0.13,FALSE
79,01:33:25.65,30:27:52.8,8.18,-2,9.7,0.5,55,-25.51,3.50E+21,n,7.10E+08,44,0.16,FALSE
80,01:33:26.00,30:36:24.3,7.59,-2,2.9,0.5,26,-24.51,2.40E+20,a,3.00E+08,26,0.21,FALSE
81,01:33:26.37,30:41:06.9,8.87,-5,24,1,52,-24.73,7.80E+21,n,3.60E+08,29,0.12,FALSE
82,01:33:26.47,30:55:10.9,8.82,-5,19,1,78,-25.65,1.40E+22,n,8.00E+08,47,0.12,FALSE
83,01:33:26.49,30:41:11.6,8.86,-5,32,4,82,-25.7,2.50E+22,n,8.30E+08,48,0.12,FALSE
84,01:33:26.53,30:27:00.4,8.93,-5,8,0.9,70,-25.28,4.60E+21,n,5.80E+08,39,0.11,FALSE
85,01:33:26.75,30:33:21.4,8.81,-2,1.3,0.5,54,-24.84,4.50E+20,n,4.00E+08,31,0.12,FALSE
86,01:33:26.94,30:34:52.6,8.73,-5,3.2,0.5,65,-25.32,1.60E+21,n,6.00E+08,40,0.13,FALSE
87,01:33:27.40,30:41:59.8,8.02,-2,-0.3,0.5,13,-22.49,<1.1e19,a,5.40E+07,9.6,0.15,FALSE
88,01:33:27.96,30:37:28.4,8.99,-2,0.3,0.5,64,-25.03,<5.8e20,n,4.70E+08,34,0.11,FALSE
89,01:33:27.98,30:32:43.1,8.76,-3,4.1,0.5,23,-23.1,2.70E+20,n,9.10E+07,13,0.12,FALSE
90,01:33:28.00,30:21:06.2,8.83,-2,97,4,51,-24.69,3.00E+22,n,3.50E+08,29,0.12,FALSE
91,01:33:28.13,30:58:30.6,8.34,-5,4,0.6,51,-25.21,1.30E+21,n,5.50E+08,37,0.15,FALSE
92,01:33:28.23,30:46:39.9,8.33,-1,1.9,0.5,12,-22.08,3.30E+19,e,,7.8,0.13,TRUE
93,01:33:28.40,30:36:23.1,8.6,-5,7.2,0.5,67,-25.54,3.90E+21,n,7.20E+08,44,0.14,FALSE
94,01:33:28.70,30:36:37.5,8.85,-2,0.4,0.5,32,-23.7,<1.6e20,n,1.50E+08,18,0.11,FALSE
95,01:33:28.72,30:41:35.0,8.84,-1,-1,0.5,26,-23.2,null,n,9.90E+07,14,0.11,FALSE
96,01:33:29.30,30:44:01.6,8.94,-2,0.1,0.5,27,-23.2,<8.5e19,n,9.90E+07,14,0.1,FALSE
97,01:33:29.40,30:23:59.2,8.91,-5,66,2,57,-24.86,2.50E+22,n,4.10E+08,31,0.11,FALSE
98,01:33:29.48,30:30:02.1,6.98,-5,14,1,22,-24.77,8.70E+20,e,,30,0.28,TRUE
99,01:33:29.85,30:26:49.1,8.48,-1,1.4,0.5,28,-23.73,1.30E+20,n,1.50E+08,18,0.13,FALSE
100,01:33:30.07,30:49:29.0,6.25,-2,0.4,0.5,9.8,-23.71,<1.5e19,x,1.50E+08,18,0.37,FALSE
101,01:33:30.68,30:26:31.8,7.22,-1,10.9,0.5,7.5,-22.15,7.30E+19,e,,8.1,0.22,TRUE
102,01:33:30.70,30:22:21.4,8.69,-4,5,0.4,93,-26.16,5.20E+21,a,1.20E+09,60,0.13,FALSE
103,01:33:30.90,30:49:11.8,8.03,-1,1.1,0.5,23,-23.78,7.00E+19,e,,18,0.16,TRUE
104,01:33:30.92,30:37:12.9,8.43,-5,0.1,0.5,38,-24.46,<1.7e20,x,2.90E+08,26,0.14,FALSE
105,01:33:31.00,30:36:52.6,8.71,-5,7,0.5,44,-24.5,1.60E+21,n,3.00E+08,26,0.12,FALSE
106,01:33:31.10,30:33:45.5,8.66,-3,-0.1,0.5,22,-23.04,<4.6e19,n,8.60E+07,13,0.12,FALSE
107,01:33:31.22,30:33:33.5,8.7,-2,56,2,44,-24.52,1.30E+22,e,,27,0.12,TRUE
108,01:33:31.22,30:54:41.6,7.88,-2,1,0.5,15,-22.99,2.70E+19,a,8.20E+07,12,0.17,FALSE
109,01:33:31.25,30:50:07.0,8.65,-1,0.6,0.5,27,-23.51,<1.3e20,n,1.30E+08,16,0.12,FALSE
110,01:33:31.39,30:40:20.4,6.24,-5,10.4,0.5,21,-25.42,5.70E+20,n,6.50E+08,42,0.41,FALSE
111,01:33:31.86,30:54:40.1,8.52,-1,0.2,0.5,27,-23.66,<9.8e19,x,1.50E+08,17,0.13,FALSE
112,01:33:32.00,30:46:25.0,7.62,-5,-0.5,0.5,31,-24.87,<4.7e19,x,4.10E+08,32,0.21,FALSE
113,01:33:32.01,30:33:21.8,8.6,-1,0.4,0.5,12,-21.83,<2.3e19,x,3.10E+07,6.9,0.12,FALSE
114,01:33:32.17,30:40:31.9,8.97,-2,4.1,0.4,27,-23.2,3.60E+20,n,,14,0.1,TRUE
115,01:33:32.19,30:56:04.9,7.85,-5,3.1,10,35,-24.88,4.60E+22,x,4.10E+08,32,0.19,FALSE
116,01:33:32.36,30:38:28.0,8.93,-3,0.6,0.5,38,-23.99,<2.6e20,x,1.90E+08,20,0.11,FALSE
117,01:33:32.43,30:38:24.5,8.09,-4.2,1.6,0.5,35,-24.63,2.30E+20,x,3.30E+08,28,0.17,FALSE
118,01:33:32.59,30:39:24.5,8.08,-5,2.5,0.5,50,-25.4,7.40E+20,n,6.40E+08,41,0.17,FALSE
119,01:33:32.72,30:36:55.2,8.05,-2,5.3,20,35,-24.69,7.90E+22,x,3.50E+08,29,0.17,FALSE
120,01:33:32.75,30:31:45.1,8.21,-1,0,0.5,37,-24.61,<1.4e20,x,3.30E+08,28,0.15,FALSE
121,01:33:33.00,30:49:41.7,5.87,-3,0.6,0.5,11,-24.34,<2.2e19,a,2.60E+08,24,0.45,FALSE
122,01:33:33.28,30:48:30.5,7.93,-4,1.8,100,68,-26.23,1.00E+24,e,,63,0.19,TRUE
123,01:33:33.57,30:36:35.8,8.79,-5,3.1,0.5,96,-26.11,3.40E+21,n,1.20E+09,59,0.13,FALSE
124,01:33:33.72,30:40:03.0,7.97,-5,-0.1,0.5,34,-24.69,<1.1e20,a,3.50E+08,29,0.18,FALSE
125,01:33:34.17,30:44:00.2,8.84,-1,0,0.5,33,-23.77,<1.2e20,x,1.60E+08,18,0.11,FALSE
126,01:33:34.38,30:42:01.3,8.79,-4,-0.3,0.5,41,-24.29,<1.2e20,x,2.50E+08,24,0.12,FALSE
127,01:33:34.68,30:48:21.2,8.56,-5,3.2,0.4,24,-23.3,2.10E+20,e,1.10E+08,14,0.12,FALSE
128,01:33:34.90,30:37:05.6,8.87,-2,0.4,0.5,38,-24.06,<2.3e20,n,2.10E+08,21,0.11,FALSE
129,01:33:34.96,30:55:06.1,7.85,-2,6.7,0.5,21,-23.75,3.50E+20,e,1.60E+08,18,0.18,FALSE
130,01:33:35.10,30:49:00.0,8.28,-5,50,2,32,-24.25,6.20E+21,x,2.40E+08,23,0.15,FALSE
131,01:33:35.27,30:33:11.6,8.11,-5,25,1,35,-24.6,3.70E+21,x,3.30E+08,28,0.16,FALSE
132,01:33:35.62,30:38:36.7,8.11,-2,-0.2,0.5,52,-25.47,<2.3e20,x,6.80E+08,43,0.17,FALSE
133,01:33:35.94,30:36:28.8,8.9,-2,0.7,0.5,34,-23.75,<2.2e20,x,1.60E+08,18,0.11,FALSE
134,01:33:36.19,30:47:55.1,8.95,-3,0.3,0.5,49,-24.49,<3.4e20,x,3.00E+08,26,0.11,FALSE
135,01:33:36.30,30:56:15.9,8.43,-5,63,3,56,-25.3,2.30E+22,x,5.90E+08,39,0.14,FALSE
136,01:33:36.70,30:27:08.0,8.07,-4,0.8,0.5,52,-25.53,<5.6e20,x,7.20E+08,44,0.17,FALSE
137,01:33:36.77,30:43:23.1,7.94,-5,7.8,0.5,39,-25,1.40E+21,?,4.60E+08,34,0.18,FALSE
138,01:33:36.79,30:49:17.5,7.43,-5,0.4,0.5,11,-22.71,<1.8e19,a,6.50E+07,11,0.2,FALSE
139,01:33:36.98,30:37:12.0,6.26,-5,2,0.5,11,-24.04,3.20E+19,a,2.00E+08,21,0.39,FALSE
140,01:33:37.24,30:34:13.9,6.74,-3,0.3,0.5,11,-23.46,<1.7e19,a,1.20E+08,16,0.29,FALSE
141,01:33:37.60,30:28:04.6,8.9,-4,32,2,63,-25.1,1.50E+22,n,5.00E+08,35,0.12,FALSE
142,01:33:37.81,30:50:32.3,7.66,-2,0.2,0.5,11,-22.61,<1.7e19,a,6.00E+07,10,0.19,FALSE
143,01:33:38.00,30:38:02.2,7.97,-2,4.4,0.4,25,-24.04,3.40E+20,e,2.00E+08,21,0.17,FALSE
144,01:33:38.04,30:33:05.4,7.36,-1,1.5,0.5,12,-23.05,2.60E+19,e,8.70E+07,13,0.22,FALSE
145,01:33:38.08,30:33:17.6,8.5,-2,31,1,36,-24.27,4.80E+21,e,2.50E+08,23,0.13,FALSE
146,01:33:38.14,30:42:22.9,8.66,-1.7,13,1,51,-24.87,4.10E+21,x,4.10E+08,32,0.13,FALSE
147,01:33:38.19,30:43:23.9,7.17,-5,7.9,60,46,-26.13,2.00E+23,x,1.20E+09,59,0.27,FALSE
148,01:33:38.63,30:46:10.7,8.92,-2,0.3,0.5,39,-24.02,<2.1e20,x,2.00E+08,21,0.11,FALSE
149,01:33:39.46,30:55:59.7,6.68,-5,0.6,0.5,20,-24.83,<7.2e19,x,4.00E+08,31,0.32,FALSE
150,01:33:39.46,30:56:18.0,6.99,-2,6.9,0.4,23,-24.8,4.30E+20,x,3.90E+08,31,0.27,FALSE
151,01:33:39.49,30:48:48.2,8.09,-5,1.3,0.5,23,-23.71,8.20E+19,x,1.50E+08,18,0.16,FALSE
152,01:33:39.69,30:31:09.2,7.9,-5,-0.1,0.5,21,-23.75,<4.4e19,x,1.60E+08,18,0.18,FALSE
153,01:33:39.71,30:32:29.2,8,-5,0.3,0.5,29,-24.32,<1.2e20,x,2.60E+08,24,0.17,FALSE
154,01:33:39.94,30:38:26.2,8.57,-1,5.6,0.5,21,-23.04,3.00E+20,x,8.60E+07,13,0.12,FALSE
155,01:33:40.08,30:21:37.2,8.15,-1,10,1,20,-23.36,4.90E+20,x,1.10E+08,15,0.15,FALSE
156,01:33:40.38,30:43:58.0,8.83,-2,-0.1,0.5,20,-22.65,<3.7e19,x,6.20E+07,10,0.11,FALSE
157,01:33:40.56,30:49:04.7,8.84,-2,0.2,0.5,24,-23.1,<7.9e19,x,9.10E+07,13,0.11,FALSE
158,01:33:41.14,30:25:50.4,7.5,-5,42,2,27,-24.66,3.60E+21,x,3.40E+08,28,0.22,FALSE
159,01:33:41.20,30:29:53.8,7.68,-2,1.12,4,28,-24.57,1.10E+22,x,3.20E+08,27,0.2,FALSE
160,01:33:41.32,30:52:56.8,7.87,-3,53,2,41,-25.19,1.00E+22,x,5.40E+08,37,0.19,FALSE
161,01:33:41.54,30:42:44.9,8.87,-2,1.1,100,47,-24.5,3.00E+23,x,3.00E+08,26,0.12,FALSE
162,01:33:41.56,30:30:24.1,8.85,-5,0.9,0.5,36,-23.95,<2.8e20,x,1.90E+08,20,0.11,FALSE
163,01:33:41.60,30:28:09.2,8.46,-3,4.8,200,70,-25.76,2.80E+24,n,,49,0.15,TRUE
164,01:33:41.60,30:41:43.4,8.49,-5,1.2,0.5,44,-24.73,2.80E+20,x,3.60E+08,29,0.14,FALSE
165,01:33:41.60,30:48:08.5,8.34,-1,-0.8,0.5,25,-23.6,<7.2e18,x,1.40E+08,17,0.14,FALSE
166,01:33:41.94,30:49:20.1,8.54,-5,4.8,10,45,-24.73,1.20E+23,x,3.60E+08,29,0.14,FALSE
167,01:33:42.00,30:26:53.5,8.69,-1,1.3,0.5,25,-23.32,9.90E+19,x,1.10E+08,15,0.12,FALSE
168,01:33:42.71,30:43:49.6,7.65,-5,0.5,0.5,28,-24.61,<1.3e20,x,3.30E+08,28,0.2,FALSE
169,01:33:42.96,30:42:53.0,6.47,-5,1,0.5,23,-25.33,6.30E+19,x,6.10E+08,40,0.36,FALSE
170,01:33:43.02,30:44:40.8,7.31,-2,1,0.5,12,-23.12,1.80E+19,x,9.20E+07,13,0.23,FALSE
171,01:33:43.80,30:40:56.7,7.52,-1,1.6,0.5,17,-23.67,5.70E+19,x,1.50E+08,17,0.21,FALSE
172,01:33:43.85,30:32:10.4,8.67,-1,1.9,0.5,22,-23.06,1.10E+20,x,8.80E+07,13,0.12,FALSE
173,01:33:44.10,30:26:50.2,7.65,-5,11,1,35,-25.09,1.60E+21,x,4.90E+08,35,0.21,FALSE
174,01:33:44.10,30:30:00.8,8.97,-2,1.4,0.5,45,-24.31,3.40E+20,x,2.50E+08,24,0.11,FALSE
175,01:33:44.15,30:48:36.0,7.36,-2,98,3,14,-23.39,2.30E+21,x,1.20E+08,15,0.22,FALSE
176,01:33:44.51,30:37:52.7,8.82,-5,10.9,0.5,50,-24.67,3.30E+21,x,3.50E+08,29,0.12,FALSE
177,01:33:44.66,30:21:09.4,8.72,-3,0,0.5,22,-23.01,<5.3e19,x,8.40E+07,12,0.12,FALSE
178,01:33:45.10,30:47:46.7,7.58,-2,1.3,0.5,14,-23.09,2.90E+19,x,9.00E+07,13,0.19,FALSE
179,01:33:45.14,30:49:09.2,8.68,-5,-0.7,0.5,21,-22.94,<1.1e19,x,7.90E+07,12,0.12,FALSE
180,01:33:45.50,30:30:40.7,7.55,-3,11.6,0.5,20,-23.93,5.40E+20,x,1.80E+08,20,0.2,FALSE
181,01:33:45.80,30:27:17.3,8.48,-3.8,1.2,0.5,81,-26.07,9.50E+20,x,1.10E+09,58,0.15,FALSE
182,01:33:46.29,30:47:51.0,8.89,-3,0.4,0.5,45,-24.37,<3.1e20,x,2.70E+08,25,0.11,FALSE
183,01:33:47.00,30:45:58.8,8.36,-4,5.8,0.5,73,-25.94,3.60E+21,e,,54,0.15,TRUE
184,01:33:47.00,30:46:36.3,7.5,-5,4.8,0.6,27,-24.62,4.00E+20,x,3.30E+08,28,0.21,FALSE
185,01:33:48.07,30:54:51.7,7.55,-1,9.4,0.5,15,-23.33,2.50E+20,x,1.10E+08,15,0.2,FALSE
186,01:33:48.46,30:45:38.7,8.48,-1,0.2,0.5,23,-23.32,<6.9e19,x,1.10E+08,15,0.13,FALSE
187,01:33:48.65,30:47:42.6,6.85,-5,25,1,24,-25.04,1.70E+21,x,4.70E+08,34,0.3,FALSE
188,01:33:48.71,30:24:17.0,8.74,-2,0.3,0.5,32,-23.76,<1.4e20,x,1.60E+08,18,0.12,FALSE
189,01:33:49.15,30:49:01.5,8.2,-1,19,1,14,-22.5,4.40E+20,x,5.40E+07,9.6,0.14,FALSE
190,01:33:49.36,30:47:12.5,7.85,-2,9.9,0.9,16,-23.16,3.00E+20,x,9.50E+07,13,0.17,FALSE
191,01:33:49.62,30:34:25.7,8.98,-2,1.2,0.5,14,-21.71,2.70E+19,x,2.80E+07,6.5,0.096,FALSE
192,01:33:50.19,30:34:18.8,8.42,-5,5.6,0.4,31,-24.03,6.40E+20,x,2.00E+08,21,0.14,FALSE
193,01:33:50.27,30:31:11.0,7.91,-2,0.9,0.5,17,-23.23,<6.1e19,x,1.00E+08,14,0.17,FALSE
194,01:33:50.70,30:58:50.3,7.4,-3,6.1,0.5,15,-23.5,1.70E+20,x,1.30E+08,16,0.22,FALSE
195,01:33:50.73,30:44:56.2,8.13,-1,3.4,0.5,13,-22.46,7.00E+19,x,5.30E+07,9.4,0.15,FALSE
196,01:33:50.85,30:28:59.9,8.78,-1.5,2.9,0.5,34,-23.87,4.00E+20,x,1.70E+08,19,0.12,FALSE
197,01:33:50.85,30:38:34.5,7.72,-2,0.9,0.5,20,-23.74,<8.3e19,x,1.60E+08,18,0.19,FALSE
198,01:33:50.90,30:38:55.5,7.26,-5,2.2,1000,32,-25.24,2.60E+24,x,5.60E+08,38,0.25,FALSE
199,01:33:50.90,30:31:44.8,8.34,-3,1.3,0.5,15,-22.61,3.70E+19,x,6.00E+07,10,0.14,FALSE
200,01:33:50.90,30:34:37.0,7.82,-3,0.3,0.5,16,-23.18,<3.6e19,x,9.70E+07,14,0.17,FALSE
201,01:33:51.24,30:34:13.2,7.17,-5,3.9,10,16,-23.86,1.20E+22,x,1.70E+08,19,0.25,FALSE
202,01:33:51.30,30:50:55.8,7.93,-1,0.8,0.5,24,-24.01,<1.2e20,x,2.00E+08,21,0.18,FALSE
203,01:33:51.31,30:34:37.0,8.4,-5,0.5,0.5,26,-23.69,<1.1e20,x,1.50E+08,17,0.14,FALSE
204,01:33:51.80,30:31:47.2,8.47,-1,0.3,0.5,23,-23.34,<7.6e19,x,1.10E+08,15,0.13,FALSE
205,01:33:52.10,30:47:16.2,8.53,-5,-0.6,0.5,16,-22.55,<9.7e18,x,5.70E+07,9.9,0.13,FALSE
206,01:33:52.20,30:29:03.8,8.31,-1,1.1,0.5,13,-22.23,2.20E+19,x,4.30E+07,8.4,0.13,FALSE
207,01:33:52.38,30:35:00.8,8.17,-2,0.5,0.5,14,-22.61,<3.4e19,x,6.00E+07,10,0.15,FALSE
208,01:33:52.39,30:34:21.1,7.8,-2,0,0.5,17,-23.38,<3.2e19,x,1.10E+08,15,0.18,FALSE
209,01:33:52.40,30:50:17.1,6.63,-5,-0.4,0.5,23,-25.19,<3.2e19,x,5.40E+08,37,0.33,FALSE
210,01:33:52.67,30:48:10.1,7.7,-1,0.2,0.5,17,-23.44,<3.8e19,x,1.20E+08,15,0.19,FALSE
211,01:33:53.14,30:48:33.8,7.62,-2.9,24,1,46,-25.7,6.00E+21,x,8.30E+08,48,0.21,FALSE
212,01:33:53.40,30:33:02.8,8.77,-1.5,9.2,0.6,37,-24.09,1.50E+21,x,2.10E+08,21,0.12,FALSE
213,01:33:53.43,30:57:18.0,6.21,-5,7,600,19,-25.13,2.90E+23,x,5.10E+08,36,0.39,FALSE
214,01:33:53.69,30:48:21.5,8.81,-3,1.6,0.5,18,-22.43,6.00E+19,x,5.10E+07,9.3,0.11,FALSE
215,01:33:54.10,30:33:09.7,8.76,-2.5,-0.1,0.5,16,-22.24,<2.4e19,x,4.40E+07,8.5,0.11,FALSE
216,01:33:54.38,30:21:51.9,6.13,-1,0.7,0.5,18,-25.13,<6.1e19,x,5.10E+08,36,0.41,FALSE
217,01:33:54.63,30:34:48.3,8.48,-2.3,0.5,0.5,27,-23.68,<1.2e20,x,1.50E+08,17,0.13,FALSE
218,01:33:54.73,30:48:43.7,8.68,-3.3,21,1,79,-25.79,1.60E+22,x,9.00E+08,50,0.13,FALSE
219,01:33:54.75,30:45:28.4,8.16,-2,0,0.5,16,-22.86,<2.8e19,x,7.40E+07,12,0.15,FALSE
220,01:33:54.80,30:32:15.8,6.77,-1,0.1,0.5,16,-24.21,<2.9e19,x,2.30E+08,23,0.29,FALSE
221,01:33:55.00,30:32:14.5,7.29,-2,-0.4,0.5,15,-23.63,<1.4e19,x,1.40E+08,17,0.23,FALSE
222,01:33:55.18,30:47:58.0,7.14,-1,0.2,0.5,16,-23.88,<3.4e19,x,1.80E+08,19,0.25,FALSE
223,01:33:55.32,30:37:34.0,8.01,-1,0.5,0.5,26,-24.1,<1.2e20,x,2.10E+08,21,0.17,FALSE
224,01:33:55.35,30:45:43.5,5.39,-5,2.2,10,17,-25.73,7.40E+21,x,8.50E+08,49,0.59,FALSE
225,01:33:55.50,30:57:06.3,7.15,-5,-0.1,0.5,15,-23.77,<2.2e19,x,1.60E+08,18,0.25,FALSE
226,01:33:55.87,30:29:34.3,8.68,-2,-0.3,0.5,15,-22.27,<1.7e19,x,4.50E+07,8.6,0.12,FALSE
227,01:33:55.90,30:52:28.7,7.34,-2,0.8,0.5,19,-24.06,<7.4e19,x,2.10E+08,21,0.23,FALSE
228,01:33:56.18,30:38:39.8,5.8,-4,2.1,10000,17,-25.31,6.90E+24,x,6.00E+08,39,0.48,FALSE
229,01:33:56.21,30:45:51.8,6.99,-5,1,0.5,15,-23.86,2.60E+19,x,1.70E+08,19,0.26,FALSE
230,01:33:56.41,30:29:28.4,7.87,-3,0.1,0.5,19,-23.47,<4.1e19,x,1.20E+08,16,0.17,FALSE
231,01:33:56.50,30:36:10.6,6.46,-2,12,0.5,17,-24.68,4.10E+20,x,3.50E+08,29,0.35,FALSE
232,01:33:56.93,30:41:38.4,8.95,-2.3,0.2,0.5,16,-22.03,<3.2e19,x,3.60E+07,7.6,0.098,FALSE
233,01:33:56.93,30:49:26.8,7.38,-3,10.5,0.5,14,-23.36,2.50E+20,x,1.10E+08,15,0.22,FALSE
234,01:33:57.10,30:50:31.5,8.68,-1.5,-0.2,0.5,15,-22.25,<2.0e19,x,4.40E+07,8.5,0.12,FALSE
235,01:33:57.10,30:48:03.5,8.86,-5,1.2,0.5,16,-22.19,3.80E+19,x,4.20E+07,8.2,0.11,FALSE
236,01:33:57.16,30:40:20.7,6.71,-5,1,3,16,-24.31,3.10E+21,x,2.50E+08,24,0.31,FALSE
237,01:33:57.28,30:39:15.3,8.91,-1,-0.5,0.5,42,-24.23,<8.6e19,x,2.40E+08,23,0.11,FALSE
238,01:33:57.35,30:41:28.5,7.92,-5,1.6,0.5,16,-23.09,4.90E+19,x,9.00E+07,13,0.17,FALSE
239,01:33:57.40,30:52:17.9,7.68,-2,0.1,0.5,17,-23.49,<3.5e19,x,1.30E+08,16,0.19,FALSE
240,01:33:57.66,30:41:32.6,8.4,-2,0.3,0.5,16,-22.67,<3.8e19,x,6.30E+07,10,0.14,FALSE
241,01:33:57.84,30:35:31.8,7.75,-5,37,2,22,-23.96,2.10E+21,x,1.90E+08,20,0.19,FALSE
242,01:33:57.85,30:49:04.9,7.45,-1,0.8,0.5,25,-24.57,<1.3e20,x,3.20E+08,27,0.22,FALSE
243,01:33:57.87,30:33:25.7,8.15,-2,1.4,0.5,25,-23.87,1.10E+20,x,1.70E+08,19,0.16,FALSE
244,01:33:57.93,31:04:08.7,8.55,-2,-0.2,0.5,17,-22.54,<2.3e19,x,5.60E+07,9.8,0.12,FALSE
245,01:33:58.01,30:45:45.2,6.73,-5,-0.4,0.5,15,-24.13,<1.3e19,x,2.20E+08,22,0.3,FALSE
246,01:33:58.03,30:39:26.2,6.41,-5,78,3,15,-24.42,2.00E+21,x,2.80E+08,25,0.35,FALSE
247,01:33:58.10,30:38:15.5,8.2,-3,0.2,0.5,17,-22.99,<3.9e19,x,8.20E+07,12,0.15,FALSE
248,01:33:58.41,30:39:14.9,8.84,-5,-0.5,0.5,21,-22.76,<2.1e19,x,6.80E+07,11,0.11,FALSE
249,01:33:58.58,30:48:42.7,5.73,-5,29,1,16,-25.35,9.40E+20,x,6.20E+08,40,0.52,FALSE
250,01:33:58.86,30:34:43.2,8.19,-5,0.4,0.5,15,-22.69,<3.5e19,x,6.40E+07,11,0.15,FALSE
251,01:33:58.90,30:49:11.0,8.38,-1,7.1,0.5,13,-22.27,1.50E+20,x,4.50E+07,8.6,0.14,FALSE
252,01:33:59.07,30:50:05.9,8.94,-2,3.5,0.5,16,-22.06,1.10E+20,x,3.70E+07,7.7,0.1,FALSE
253,01:33:59.46,30:48:26.7,6.36,-5,0.6,0.5,13,-24.13,<2.8e19,x,2.20E+08,22,0.35,FALSE
254,01:33:59.52,30:47:29.5,7.56,-1,19,1,15,-23.35,5.20E+20,x,1.10E+08,15,0.2,FALSE
255,01:33:59.52,30:45:49.9,8.54,-2,0.3,0.5,32,-23.97,<1.5e20,e,,20,0.13,TRUE
256,01:33:59.67,30:47:38.2,8.37,-5,0,0.5,15,-22.58,<2.6e19,x,5.80E+07,10,0.14,FALSE
257,01:33:59.74,30:41:24.4,7.4,-3,0.2,0.5,16,-23.63,<3.4e19,x,1.40E+08,17,0.22,FALSE
258,01:33:59.84,30:39:45.4,8.54,-5,1,100,61,-25.38,4.40E+23,x,6.30E+08,41,0.14,FALSE
259,01:33:59.92,30:32:44.2,7.29,-2,0,0.5,14,-23.42,<2.1e19,x,1.20E+08,15,0.23,FALSE
260,01:34:00.01,30:33:54.3,8.19,-4.5,0,0.5,33,-24.39,<1.2e20,x,2.70E+08,25,0.16,FALSE
261,01:34:00.21,30:37:47.2,8.61,-1,4.9,0.5,60,-25.26,2.10E+21,x,5.70E+08,38,0.13,FALSE
262,01:34:00.27,30:48:36.6,7.73,-5,7,600,54,-25.94,2.40E+24,x,1.00E+09,54,0.21,FALSE
263,01:34:00.44,30:51:01.2,8.7,-3.5,9.2,0.5,62,-25.27,4.30E+21,x,5.80E+08,39,0.13,FALSE
264,01:34:00.47,30:41:23.1,8.48,-2,3.5,0.6,12,-21.83,5.60E+19,x,3.10E+07,6.9,0.12,FALSE
265,01:34:00.76,30:50:09.1,8.49,-3,12,1,60,-25.42,5.40E+21,x,6.50E+08,42,0.14,FALSE
266,01:34:01.03,30:46:58.8,8.82,-2.5,0.3,0.5,46,-24.5,<3.0e20,x,3.00E+08,26,0.12,FALSE
267,01:34:01.31,30:39:23.5,8.89,-2,-0.4,0.5,52,-24.67,<1.6e20,x,3.50E+08,29,0.11,FALSE
268,01:34:01.56,30:42:31.0,7.91,-1,1,0.5,27,-24.27,8.90E+19,x,2.50E+08,23,0.18,FALSE
269,01:34:01.60,30:42:31.1,8.86,-4,7.2,50,99,-26.11,8.40E+23,x,1.20E+09,59,0.12,FALSE
270,01:34:01.68,30:49:43.9,8.4,-4,1.2,0.5,89,-26.34,1.10E+21,x,1.40E+09,66,0.15,FALSE
271,01:34:01.75,30:32:25.7,8.64,-4,0.1,0.5,64,-25.38,<4.9e20,x,6.30E+08,41,0.13,FALSE
272,01:34:01.99,30:38:10.9,8.76,-5,1.1,0.5,42,-24.33,2.30E+20,x,2.60E+08,24,0.12,FALSE
273,01:34:01.99,30:39:37.8,7.7,-5,40,2,44,-25.51,9.10E+21,x,7.10E+08,44,0.2,FALSE
274,01:34:02.33,30:50:27.8,8.87,-5,52,2,48,-24.53,1.40E+22,x,3.10E+08,27,0.11,FALSE
275,01:34:02.48,30:40:40.7,7.59,-2,4.1,0.4,20,-23.91,1.90E+20,x,1.80E+08,20,0.2,FALSE
276,01:34:02.48,30:38:41.1,7.72,-1,32,1,18,-23.53,1.20E+21,x,1.30E+08,16,0.19,FALSE
277,01:34:02.59,30:58:10.3,8.71,-2.5,0.7,0.5,60,-25.18,<6.9e20,n,5.30E+08,37,0.13,FALSE
278,01:34:02.63,30:49:38.6,8.66,-3,22,1,75,-25.72,1.50E+22,e,8.40E+08,48,0.13,FALSE
279,01:34:02.77,30:48:36.5,7.7,-5,2,0.5,38,-25.23,3.50E+20,x,5.60E+08,38,0.21,FALSE
280,01:34:02.79,30:46:36.8,7.68,-5,35,1,31,-24.79,4.00E+21,x,3.80E+08,30,0.2,FALSE
281,01:34:02.90,30:43:20.8,7.26,-5,0,0.5,28,-24.95,<8.3e19,x,4.40E+08,33,0.24,FALSE
282,01:34:03.09,30:45:35.6,8.79,-2,1,0.5,45,-24.47,2.40E+20,x,2.90E+08,26,0.12,FALSE
283,01:34:03.10,30:42:21.3,8.28,-2,62,2,67,-25.87,3.40E+22,a,9.60E+08,52,0.16,FALSE
284,01:34:03.12,30:52:13.9,8.2,-5,1.57,5,39,-24.73,2.80E+22,x,3.60E+08,29,0.16,FALSE
285,01:34:03.12,30:48:11.0,7.02,-2,46,2,23,-24.77,2.80E+21,x,3.80E+08,30,0.27,FALSE
286,01:34:03.14,30:46:55.2,7.78,-3,12,1,25,-24.2,8.60E+20,x,2.30E+08,23,0.19,FALSE
287,01:34:03.34,30:48:28.0,6.9,-3,1.7,0.5,3.6,-20.87,2.60E+18,x,1.40E+07,4.3,0.24,FALSE
288,01:34:03.83,30:29:33.5,8.91,-5,5.5,0.5,55,-24.81,2.00E+21,x,3.90E+08,31,0.12,FALSE
289,01:34:03.90,30:47:29.1,8.6,-2.9,20,1,53,-25.04,6.80E+21,x,4.70E+08,34,0.13,FALSE
290,01:34:04.32,30:39:22.8,8.66,-4.5,0.5,0.5,34,-24,<1.9e20,x,1.90E+08,20,0.12,FALSE
291,01:34:04.47,30:36:56.1,8.89,-5,3.6,0.4,35,-23.84,5.30E+20,x,1.70E+08,19,0.11,FALSE
292,01:34:04.79,30:49:17.9,7.13,-1,3.1,0.4,24,-24.77,2.10E+20,e,,30,0.26,TRUE
293,01:34:04.80,30:47:39.1,8.66,-2,3.5,0.4,17,-22.43,1.10E+20,x,5.10E+07,9.3,0.11,FALSE
294,01:34:05.08,30:49:43.1,8.82,-1,0.6,0.5,49,-24.62,<4.3e20,x,3.30E+08,28,0.12,FALSE
295,01:34:05.12,30:40:36.7,8.95,-2,0.6,0.5,99,-26.04,<1.8e21,x,1.10E+09,57,0.12,FALSE
296,01:34:05.24,30:57:01.1,8.36,-3,-0.5,0.5,27,-23.82,<3.5e19,x,1.70E+08,19,0.14,FALSE
297,01:34:05.40,30:47:50.9,7.15,-5,78,3,31,-25.32,9.10E+21,x,6.00E+08,40,0.26,FALSE
298,01:34:05.85,30:49:56.9,8.47,-5,0.9,0.5,65,-25.58,<9.0e20,x,7.50E+08,45,0.14,FALSE
299,01:34:06.20,30:40:12.6,8.43,-5,29,1,76,-25.97,2.00E+22,n,1.00E+09,55,0.15,FALSE
300,01:34:06.30,30:37:26.1,7.62,-2,40,1,30,-24.74,4.20E+21,x,3.70E+08,30,0.2,FALSE
301,01:34:06.40,30:37:30.5,8.91,-5,13,1,67,-25.21,7.00E+21,x,5.50E+08,37,0.12,FALSE
302,01:34:06.59,30:50:18.3,7.49,-4.7,7.9,60,57,-26.29,3.00E+23,x,1.40E+09,64,0.23,FALSE
303,01:34:06.68,30:48:56.2,8.76,-2,-0.4,0.5,26,-23.3,<4.0e19,x,1.10E+08,14,0.11,FALSE
304,01:34:06.77,30:48:32.8,8.84,-4,6.6,20,56,-24.89,2.40E+23,x,4.20E+08,32,0.12,FALSE
305,01:34:06.79,30:47:27.0,8.48,-5,5.9,500,76,-25.92,4.00E+24,x,,54,0.15,TRUE
306,01:34:06.98,30:32:00.1,8.35,-3,0,0.5,27,-23.82,<8.0e19,x,1.70E+08,19,0.14,FALSE
307,01:34:07.02,30:50:57.4,8.4,-2,0.9,0.5,26,-23.67,<1.4e20,x,1.50E+08,17,0.14,FALSE
308,01:34:07.03,30:49:24.4,8.91,-5,1.3,100,69,-25.29,7.30E+23,x,5.90E+08,39,0.12,FALSE
309,01:34:07.18,30:35:23.1,8.45,-2,0,0.5,37,-24.36,<1.4e20,x,2.60E+08,24,0.14,FALSE
310,01:34:07.28,30:38:29.5,8.75,-2,3.1,200,101,-26.27,3.80E+24,x,1.30E+09,64,0.13,FALSE
311,01:34:07.37,30:47:41.6,8.08,-5,1,0.5,44,-25.16,2.40E+20,x,5.20E+08,37,0.17,FALSE
312,01:34:07.51,30:50:11.1,7.82,-5,0.3,0.5,25,-24.21,<9.3e19,x,2.30E+08,23,0.19,FALSE
313,01:34:07.73,30:52:18.1,8.93,-5,-1,0.5,28,-23.34,,x,1.10E+08,15,0.11,FALSE
314,01:34:07.78,30:51:41.4,8.46,-2,1.3,0.5,28,-23.76,1.20E+20,x,1.60E+08,18,0.13,FALSE
315,01:34:07.79,30:31:21.2,8.24,-5,-0.4,0.5,26,-23.86,<4.1e19,x,1.70E+08,19,0.15,FALSE
316,01:34:08.04,30:38:38.2,8.95,-3,0.8,0.5,28,-23.28,<1.6e20,x,1.10E+08,14,0.1,FALSE
317,01:34:08.08,30:31:18.7,8.65,-5,0.9,0.5,74,-25.7,<1.2e21,n,8.30E+08,48,0.13,FALSE
318,01:34:08.10,30:53:32.1,8.4,-5,-0.5,0.5,46,-24.91,<1.0e20,x,4.20E+08,32,0.14,FALSE
319,01:34:08.22,30:34:05.0,8.11,-5,1.09,4,41,-24.94,2.20E+22,x,4.30E+08,33,0.16,FALSE
320,01:34:08.53,30:39:02.4,7.93,-5,1.5,0.5,27,-24.22,1.30E+20,x,2.40E+08,23,0.17,FALSE
321,01:34:08.63,30:39:22.8,7.39,-5,15,1,32,-25.15,1.80E+21,x,5.20E+08,36,0.23,FALSE
322,01:34:08.70,30:42:55.3,8.42,-5,-0.3,0.5,27,-23.75,<5.3e19,x,1.60E+08,18,0.14,FALSE
323,01:34:08.76,30:48:16.1,7.56,-3,2.6,0.4,19,-23.79,1.10E+20,e,1.60E+08,18,0.2,FALSE
324,01:34:08.77,30:30:57.0,7.29,-5,0.6,0.5,20,-24.23,<7.3e19,?,2.40E+08,23,0.24,FALSE
325,01:34:08.96,30:36:33.8,6.91,-5,21,1,25,-25.07,1.60E+21,e,,35,0.29,TRUE
326,01:34:09.36,30:47:01.8,8.8,-1,0.6,0.5,24,-23.08,<1.0e20,n,8.90E+07,13,0.11,FALSE
327,01:34:09.71,30:21:30.0,8.7,-2,-0.3,0.5,26,-23.37,<4.8e19,n,1.10E+08,15,0.12,FALSE
328,01:34:09.78,30:52:06.1,6.87,-1,22,1,15,-23.94,5.50E+20,a,1.90E+08,20,0.27,FALSE
329,01:34:10.09,30:45:29.4,8.71,-2,0.4,0.5,25,-23.27,<9.6e19,n,1.00E+08,14,0.12,FALSE
330,01:34:10.24,30:55:26.6,8.01,-5,0.6,0.5,29,-24.31,<1.5e20,x,2.50E+08,24,0.17,FALSE
331,01:34:10.66,30:45:48.9,8.04,-5,30,2,34,-24.61,4.20E+21,x,3.30E+08,28,0.17,FALSE
332,01:34:10.67,30:35:16.8,7.96,-4,0.1,0.5,22,-23.73,<5.7e19,n,1.50E+08,18,0.17,FALSE
333,01:34:11.00,30:40:30.1,8.14,-5,0.5,0.5,40,-24.87,<2.7e20,a,4.10E+08,32,0.16,FALSE
334,01:34:11.29,30:24:13.2,8.99,-5,1.8,100,101,-26.03,2.20E+24,e,,57,0.12,TRUE
335,01:34:11.35,30:41:27.9,8.97,-2,0.9,0.5,38,-23.94,<3.1e20,n,1.90E+08,20,0.11,FALSE
336,01:34:11.36,30:41:27.9,8.43,-5,-0.3,0.5,30,-23.94,<6.4e19,n,1.90E+08,20,0.14,FALSE
337,01:34:11.55,30:34:52.5,8.34,-5,1.4,0.5,54,-25.31,4.80E+20,e,,39,0.15,TRUE
338,01:34:11.82,30:42:19.9,8.56,-2,0.2,0.5,23,-23.25,<7.0e19,a,1.00E+08,14,0.13,FALSE
339,01:34:11.86,30:24:10.1,8.84,-2,9.6,1.1,74,-25.5,6.30E+21,n,,43,0.12,TRUE
340,01:34:12.68,30:47:05.3,8.21,-2.5,0.5,0.5,27,-23.92,<1.2e20,e,,20,0.15,TRUE
341,01:34:13.60,30:34:48.5,8.7,-4,0.8,0.5,38,-24.21,<3.0e20,n,2.30E+08,23,0.12,FALSE
342,01:34:13.69,30:43:18.4,8.82,-4.3,2.7,0.5,80,-25.69,2.10E+21,x,8.20E+08,48,0.12,FALSE
343,01:34:13.70,30:35:22.2,8.64,-2,0.4,0.5,32,-23.89,<1.6e20,n,1.80E+08,19,0.12,FALSE
344,01:34:13.80,30:45:31.5,8.31,-2.8,0.7,0.5,45,-24.95,<3.8e20,n,4.40E+08,33,0.15,FALSE
345,01:34:13.84,30:19:47.3,8.38,-3.8,15,1,37,-24.48,2.50E+21,n,2.90E+08,26,0.14,FALSE
346,01:34:13.99,30:27:59.0,8.53,-5,1.6,10,64,-25.51,7.90E+22,n,,44,0.14,TRUE
347,01:34:14.02,30:39:29.5,8.54,-5,66,2,67,-25.57,3.50E+22,n,,45,0.14,TRUE
348,01:34:14.14,30:52:59.8,8.84,-3,5.1,0.5,36,-23.93,7.80E+20,x,1.80E+08,20,0.11,FALSE
349,01:34:14.19,30:36:12.1,8.95,-4.1,0.4,0.5,31,-23.53,<1.5e20,x,1.30E+08,16,0.11,FALSE
350,01:34:14.20,30:39:58.4,8,-4.6,18,1,35,-24.71,2.70E+21,n,3.60E+08,29,0.17,FALSE
351,01:34:14.65,30:32:35.0,7.27,-5,0.4,0.5,28,-24.94,<1.2e20,n,4.30E+08,33,0.24,FALSE
352,01:34:15.02,30:53:33.9,8.28,-3.5,0.7,0.5,78,-26.18,<1.2e21,n,1.20E+09,61,0.16,FALSE
353,01:34:15.04,30:41:19.2,8.65,-3,0.5,0.5,71,-25.59,<8.4e20,n,7.60E+08,45,0.13,FALSE
354,01:34:15.51,30:50:01.7,8.82,-2,0.6,0.5,64,-25.21,<7.4e20,m,5.50E+08,37,0.12,FALSE
355,01:34:15.51,30:42:11.5,8,-2,0.6,0.5,23,-23.81,<9.5e19,a,1.70E+08,19,0.17,FALSE
356,01:34:15.78,30:27:45.7,8.17,-1,3.1,0.5,45,-25.1,7.60E+20,n,5.00E+08,35,0.16,FALSE
357,01:34:16.10,30:45:03.9,8.59,-5,4.8,0.4,42,-24.51,1.00E+21,n,3.00E+08,26,0.13,FALSE
358,01:34:16.37,30:47:43.0,8.28,-5,9.4,60,76,-26.13,6.50E+23,n,1.20E+09,59,0.16,FALSE
359,01:34:16.38,30:37:49.1,8.77,-5,6,0.5,73,-25.56,3.90E+21,n,,45,0.13,TRUE
360,01:34:16.57,30:40:29.0,8.97,-5,26,1,101,-26.05,3.20E+22,n,1.10E+09,57,0.12,FALSE
361,01:34:17.54,30:42:36.7,8.83,-5,-0.3,0.5,24,-23.06,<4.1e19,n,8.80E+07,13,0.11,FALSE
362,01:34:17.64,30:28:24.0,8.17,-3,0.2,0.5,13,-22.44,<2.3e19,a,5.20E+07,9.3,0.15,FALSE
363,01:34:17.87,30:35:34.1,8.85,-5,2.9,0.5,37,-23.99,4.70E+20,n,1.90E+08,20,0.11,FALSE
364,01:34:18.19,30:52:30.0,8.54,-5,0.5,0.5,72,-25.74,<8.7e20,a,8.60E+08,49,0.14,FALSE
365,01:34:18.21,30:53:47.4,7.27,-5,-0.3,0.5,25,-24.72,<4.5e19,n,3.60E+08,29,0.24,FALSE
366,01:34:18.26,30:22:02.5,8.86,-3,45,1,69,-25.35,2.60E+22,n,,40,0.12,TRUE
367,01:34:18.59,30:44:47.8,8.28,-5,0.5,0.5,57,-25.51,<5.5e20,n,7.10E+08,44,0.16,FALSE
368,01:34:18.69,30:31:37.6,8.44,-1,1.5,0.5,48,-24.97,4.20E+20,a,4.50E+08,33,0.14,FALSE
369,01:34:19.29,30:23:33.0,8.89,-3,0.7,0.5,47,-24.48,<4.3e20,n,2.90E+08,26,0.11,FALSE
370,01:34:19.44,30:46:21.2,8.96,-5,38,2,71,-25.3,2.30E+22,n,,39,0.11,TRUE
371,01:34:19.89,30:36:12.7,8,-5,20,1,53,-25.62,6.80E+21,a,7.80E+08,46,0.18,FALSE
372,01:34:20.17,30:39:33.3,8.01,-5,7.4,50,47,-25.35,2.00E+23,e,,40,0.18,TRUE
373,01:34:20.78,30:38:33.1,8.88,-2,1.1,0.5,56,-24.84,4.10E+20,n,,31,0.11,TRUE
374,01:34:20.95,30:22:57.6,8.39,-1,7.2,0.5,21,-23.19,3.70E+20,e,,14,0.13,TRUE
375,01:34:21.43,30:39:40.2,8.35,-5,7,0.5,69,-25.85,4.00E+21,a,9.40E+08,52,0.15,FALSE
376,01:34:21.59,30:36:45.6,8.43,-5,33,2,52,-25.16,1.10E+22,n,,37,0.15,TRUE
377,01:34:21.99,30:44:39.1,8.9,-2.5,0.9,0.5,78,-25.56,<1.3e21,n,7.40E+08,45,0.12,FALSE
378,01:34:22.23,30:47:11.0,7.86,-5,0,0.5,24,-24.05,<6.3e19,a,2.00E+08,21,0.18,FALSE
379,01:34:22.24,30:30:42.6,8.89,-3,1.2,0.5,73,-25.42,7.60E+20,n,6.50E+08,42,0.12,FALSE
380,01:34:22.81,30:54:26.1,8.22,-3,0,0.5,55,-25.48,<3.2e20,a,6.90E+08,43,0.16,FALSE
381,01:34:22.92,30:47:33.7,6.9,-1,3.4,0.6,23,-24.91,2.20E+20,e,4.20E+08,32,0.29,FALSE
382,01:34:23.05,30:37:39.8,8.71,-3,-0.3,0.5,34,-23.97,<8.5e19,x,1.90E+08,20,0.12,FALSE
383,01:34:23.13,30:43:46.4,8.82,-2,0.8,0.5,58,-24.99,<6.8e20,x,4.50E+08,34,0.12,FALSE
384,01:34:23.52,30:25:58.2,8.66,-1,2.3,0.5,53,-24.97,7.80E+20,x,4.50E+08,33,0.13,FALSE
385,01:34:24.53,30:53:05.4,8.28,-3,24,2,44,-24.94,5.50E+21,x,4.30E+08,33,0.15,FALSE
386,01:34:25.00,30:51:33.3,8.86,-2,2.6,0.5,67,-25.26,1.40E+21,x,5.70E+08,38,0.12,FALSE
387,01:34:25.40,30:41:28.4,8.47,-3,1.2,100,70,-25.75,7.10E+23,x,8.70E+08,49,0.14,FALSE
388,01:34:25.51,30:36:56.8,8.92,-2.2,-0.7,0.5,40,-24.1,<3.8e19,x,2.10E+08,21,0.11,FALSE
389,01:34:26.32,30:37:23.3,8.38,-3,5.5,0.6,59,-25.49,2.30E+21,x,6.90E+08,43,0.15,FALSE
390,01:34:26.39,30:47:13.8,8.56,-2,0.1,0.5,40,-24.45,<1.9e20,x,2.90E+08,26,0.13,FALSE
391,01:34:26.88,30:41:46.2,8.82,-2,0.5,0.5,49,-24.63,<4.0e20,x,3.30E+08,28,0.12,FALSE
392,01:34:27.10,30:36:42.3,8.85,-3.4,3.5,0.6,82,-25.73,2.80E+21,x,8.50E+08,49,0.12,FALSE
393,01:34:27.61,30:55:53.3,8.78,-5,0.8,0.5,80,-25.73,<1.3e21,x,8.50E+08,49,0.13,FALSE
394,01:34:28.14,30:42:48.2,8.85,-3,1.2,0.5,72,-25.43,7.40E+20,n,6.60E+08,42,0.12,FALSE
395,01:34:28.19,30:36:17.1,8.9,-2,1.1,100,55,-24.82,4.10E+23,e,,31,0.12,TRUE
396,01:34:28.50,30:37:56.1,8.73,-5,0.2,0.5,33,-23.9,<1.5e20,n,1.80E+08,19,0.12,FALSE
397,01:34:28.50,30:53:35.9,8.834615385,-3.934065934,-0.697802198,24.46043956,59.06593407,-24.88714286,<6.8e21,x,5.50E+08,34.45054945,0.120549451,FALSE
398,01:34:28.71,30:21:44.0,8.851802198,-4.090989011,-1.201318681,25.74373626,59.3032967,-24.87028571,7.10E+23,x,5.53E+08,34.32967033,0.11967033,FALSE
399,01:34:29.07,30:38:05.4,8.868989011,-4.247912088,-1.704835165,27.02703297,59.54065934,-24.85342857,9.23E+23,x,5.56E+08,34.20879121,0.118791209,FALSE
400,01:34:29.10,30:53:20.6,8.886175824,-4.404835165,-2.208351648,28.31032967,59.77802198,-24.83657143,1.14E+24,x,5.59E+08,34.08791209,0.117912088,FALSE
401,01:34:29.29,30:56:06.0,8.903362637,-4.561758242,-2.711868132,29.59362637,60.01538462,-24.81971429,1.35E+24,x,5.62E+08,33.96703297,0.117032967,FALSE
402,01:34:30.20,30:38:13.0,8.920549451,-4.718681319,-3.215384615,30.87692308,60.25274725,-24.80285714,<3.8e20,x,5.65E+08,33.84615385,0.116153846,FALSE
403,01:34:30.50,30:36:48.2,8.937736264,-4.875604396,-3.718901099,32.16021978,60.49010989,-24.786,2.30E+21,x,5.69E+08,33.72527473,0.115274725,FALSE
404,01:34:31.00,30:57:57.5,8.954923077,-5.032527473,-4.222417582,33.44351648,60.72747253,-24.76914286,<1.9e21,x,5.72E+08,33.6043956,0.114395604,FALSE
405,01:34:31.07,30:37:41.1,8.97210989,-5.189450549,-4.725934066,34.72681319,60.96483516,-24.75228571,<4.0e21,x,5.75E+08,33.48351648,0.113516484,FALSE
406,01:34:31.74,30:39:14.8,8.989296703,-5.346373626,-5.229450549,36.01010989,61.2021978,-24.73542857,2.80E+21,x,5.78E+08,33.36263736,0.112637363,FALSE
407,01:34:32.29,30:55:09.9,9.006483516,-5.503296703,-5.732967033,37.29340659,61.43956044,-24.71857143,<1.3e22,x,5.81E+08,33.24175824,0.111758242,FALSE
408,01:34:32.78,30:54:23.6,9.02367033,-5.66021978,-6.236483516,38.5767033,61.67692308,-24.70171429,8.19E+23,n,5.84E+08,33.12087912,0.110879121,FALSE
409,01:34:32.90,30:38:12.0,9.040857143,-5.817142857,-6.74,39.86,61.91428571,-24.68485714,1.23E+24,e,587182320.4,33,0.11,TRUE
410,01:34:33.09,30:37:36.3,9.058043956,-5.974065934,-7.243516484,41.1432967,62.15164835,-24.668,<1.5e21,n,5.90E+08,32.87912088,0.109120879,FALSE
411,01:34:33.12,30:38:14.2,9.075230769,-6.130989011,-7.747032967,42.42659341,62.38901099,-24.65114286,<6.8e22,x,5.93E+08,32.75824176,0.108241758,FALSE
412,01:34:33.19,30:38:26.6,9.092417582,-6.287912088,-8.250549451,43.70989011,62.62637363,-24.63428571,1.56E+24,x,5.96E+08,32.63736264,0.107362637,FALSE
413,01:34:33.73,30:39:15.7,9.109604396,-6.444835165,-8.754065934,44.99318681,62.86373626,-24.61742857,1.77E+24,x,6.00E+08,32.51648352,0.106483516,FALSE
414,01:34:34.42,30:42:43.2,9.126791209,-6.601758242,-9.257582418,46.27648352,63.1010989,-24.60057143,1.98E+24,x,6.03E+08,32.3956044,0.105604396,FALSE
415,01:34:35.16,30:44:59.5,9.143978022,-6.758681319,-9.761098901,47.55978022,63.33846154,-24.58371429,2.20E+24,x,6.06E+08,32.27472527,0.104725275,FALSE
416,01:34:35.30,30:38:30.1,9.161164835,-6.915604396,-10.26461538,48.84307692,63.57582418,-24.56685714,<3.8e21,x,6.09E+08,32.15384615,0.103846154,FALSE
417,01:34:36.92,30:03:47.6,9.178351648,-7.072527473,-10.76813187,50.12637363,63.81318681,-24.55,2.30E+21,x,6.12E+08,32.03296703,0.102967033,FALSE
418,01:34:38.39,30:54:49.3,9.195538462,-7.229450549,-11.27164835,51.40967033,64.05054945,-24.53314286,<1.9e22,x,6.15E+08,31.91208791,0.102087912,FALSE
419,01:34:38.90,30:38:51.8,9.212725275,-7.386373626,-11.77516484,52.69296703,64.28791209,-24.51628571,<4.0e22,x,6.18E+08,31.79120879,0.101208791,FALSE
420,01:34:40.41,30:46:01.3,9.229912088,-7.543296703,-12.27868132,53.97626374,64.52527473,-24.49942857,2.80E+21,x,6.21E+08,31.67032967,0.10032967,FALSE
421,01:34:40.66,30:49:47.3,9.247098901,-7.70021978,-12.7821978,55.25956044,64.76263736,-24.48257143,<1.3e23,x,6.24E+08,31.54945055,0.099450549,FALSE
422,01:34:40.72,30:53:02.0,9.264285714,-7.857142857,-13.28571429,56.54285714,65,-24.46571429,1.64E+24,n,6.28E+08,31.42857143,0.098571429,FALSE
423,01:34:41.20,30:49:52.7,9.281472527,-8.014065934,-13.78923077,57.82615385,65.23736264,-24.44885714,2.05E+24,e,630607734.8,31.30769231,0.097692308,TRUE
424,01:34:41.65,30:46:38.8,9.298659341,-8.170989011,-14.29274725,59.10945055,65.47472527,-24.432,<1.5e22,n,6.34E+08,31.18681319,0.096813187,FALSE
425,01:34:42.80,30:49:19.2,9.315846154,-8.327912088,-14.79626374,60.39274725,65.71208791,-24.41514286,<6.8e23,x,6.37E+08,31.06593407,0.095934066,FALSE
426,01:34:43.19,30:52:19.1,9.333032967,-8.484835165,-15.29978022,61.67604396,65.94945055,-24.39828571,2.41E+24,x,6.40E+08,30.94505495,0.095054945,FALSE
427,01:34:43.70,30:47:37.9,9.35021978,-8.641758242,-15.8032967,62.95934066,66.18681319,-24.38142857,2.62E+24,x,6.43E+08,30.82417582,0.094175824,FALSE
428,01:34:44.20,30:52:18.9,9.367406593,-8.798681319,-16.30681319,64.24263736,66.42417582,-24.36457143,2.83E+24,x,6.46E+08,30.7032967,0.093296703,FALSE
429,01:34:45.09,30:50:33.5,9.384593407,-8.955604396,-16.81032967,65.52593407,66.66153846,-24.34771429,3.05E+24,x,6.49E+08,30.58241758,0.092417582,FALSE
430,01:34:45.59,30:44:23.0,9.40178022,-9.112527473,-17.31384615,66.80923077,66.8989011,-24.33085714,<3.8e22,x,6.52E+08,30.46153846,0.091538462,FALSE
431,01:34:45.70,30:52:26.9,9.418967033,-9.269450549,-17.81736264,68.09252747,67.13626374,-24.314,2.30E+21,x,6.55E+08,30.34065934,0.090659341,FALSE
432,01:34:45.91,30:53:04.4,9.436153846,-9.426373626,-18.32087912,69.37582418,67.37362637,-24.29714286,<1.9e23,x,6.59E+08,30.21978022,0.08978022,FALSE
433,01:34:45.99,30:50:50.4,9.453340659,-9.583296703,-18.8243956,70.65912088,67.61098901,-24.28028571,<4.0e23,x,6.62E+08,30.0989011,0.088901099,FALSE
434,01:34:46.51,30:44:30.8,9.470527473,-9.74021978,-19.32791209,71.94241758,67.84835165,-24.26342857,2.80E+21,x,6.65E+08,29.97802198,0.088021978,FALSE
435,01:34:46.68,30:49:25.0,9.487714286,-9.897142857,-19.83142857,73.22571429,68.08571429,-24.24657143,<1.3e24,x,6.68E+08,29.85714286,0.087142857,FALSE
436,01:34:46.80,30:49:16.1,9.504901099,-10.05406593,-20.33494505,74.50901099,68.32307692,-24.22971429,2.46E+24,n,6.71E+08,29.73626374,0.086263736,FALSE
437,01:34:47.53,30:47:29.0,9.522087912,-10.21098901,-20.83846154,75.79230769,68.56043956,-24.21285714,2.87E+24,e,674033149.2,29.61538462,0.085384615,TRUE
438,01:34:49.62,30:21:55.5,9.539274725,-10.36791209,-21.34197802,77.0756044,68.7978022,-24.196,<1.5e23,n,6.77E+08,29.49450549,0.084505495,FALSE
439,01:34:50.10,30:47:04.1,9.556461538,-10.52483516,-21.84549451,78.3589011,69.03516484,-24.17914286,<6.8e24,x,6.80E+08,29.37362637,0.083626374,FALSE
440,01:34:51.16,30:54:48.7,9.573648352,-10.68175824,-22.34901099,79.6421978,69.27252747,-24.16228571,3.26E+24,x,6.83E+08,29.25274725,0.082747253,FALSE
441,01:34:52.24,30:50:05.6,9.590835165,-10.83868132,-22.85252747,80.92549451,69.50989011,-24.14542857,3.47E+24,x,6.86E+08,29.13186813,0.081868132,FALSE
442,01:34:52.90,30:10:51.2,9.608021978,-10.9956044,-23.35604396,82.20879121,69.74725275,-24.12857143,3.68E+24,x,6.90E+08,29.01098901,0.080989011,FALSE
443,01:34:53.17,30:51:47.8,9.625208791,-11.15252747,-23.85956044,83.49208791,69.98461538,-24.11171429,3.90E+24,x,6.93E+08,28.89010989,0.08010989,FALSE
444,01:34:56.88,30:52:35.0,9.642395604,-11.30945055,-24.36307692,84.77538462,70.22197802,-24.09485714,<3.8e23,x,6.96E+08,28.76923077,0.079230769,FALSE
445,01:34:58.32,30:31:10.5,9.659582418,-11.46637363,-24.86659341,86.05868132,70.45934066,-24.078,2.30E+21,x,6.99E+08,28.64835165,0.078351648,FALSE
446,01:35:01.56,30:51:27.0,9.676769231,-11.6232967,-25.37010989,87.34197802,70.6967033,-24.06114286,<1.9e24,x,7.02E+08,28.52747253,0.077472527,FALSE
447,01:35:04.69,30:46:10.6,9.693956044,-11.78021978,-25.87362637,88.62527473,70.93406593,-24.04428571,<4.0e24,x,7.05E+08,28.40659341,0.076593407,FALSE
448,01:35:14.01,30:52:32.9,9.693956044,-11.78021978,-25.87362637,88.62527473,70.93406593,-24.04428571,<4.0e25,x,7.05E+08,28.40659341,0.076593407,FALSE
449,01:35:18.25,30:49:53.9,9.693956044,-11.78021978,-25.87362637,88.62527473,70.93406593,-24.04428571,<4.0e26,x,7.05E+08,28.40659341,0.076593407,FALSE
450,01:35:45.70,30:26:51.4,9.693956044,-11.78021978,-25.87362637,88.62527473,70.93406593,-24.04428571,<4.0e27,x,7.05E+08,28.40659341,0.076593407,FALSE
451,01:36:05.40,30:58:19.7,9.693956044,-11.78021978,-25.87362637,88.62527473,70.93406593,-24.04428571,<4.0e28,x,7.05E+08,28.40659341,0.076593407,FALSE
